part_id,monster_id,part_name,state,sever,impact,ammo,fire,water,ice,thunder,dragon,stun
0,0,Head,0,70,75,65,0,15,15,20,30,100
1,0,Neck,0,40,45,35,0,0,0,5,15,0
2,0,Body,0,35,30,25,0,5,5,10,20,0
3,0,Back,0,35,30,25,0,5,5,10,20,0
4,0,Wing,0,45,45,35,0,10,10,15,25,0
5,0,Leg,0,40,40,35,0,0,0,5,15,0
6,0,Tail,0,45,40,35,0,5,5,10,20,0
7,0,Average,0,44,43,36,0,5,5,10,20,14
8,1,Head,0,60,65,50,0,10,10,10,20,100
9,1,Head,1,65,70,55,0,10,10,10,25,100
10,1,Neck,0,40,40,30,5,10,10,10,20,0
11,1,Body,0,24,24,20,0,5,5,15,15,0
12,1,Back,0,20,20,15,5,10,10,20,25,0
13,1,Back,1,38,38,45,5,10,10,20,25,0
14,1,Wing,0,35,35,30,0,10,10,20,25,0
15,1,Leg,0,24,24,20,0,5,5,10,15,0
16,1,Tail,0,40,35,30,5,5,5,10,15,0
17,1,Tail,1,45,40,35,5,5,5,10,20,0
18,1,Tail,2,50,45,45,0,5,5,10,20,0
19,1,Average,0,40,39,34,2,7,7,13,20,18
20,2,Head,0,65,70,60,0,15,15,20,30,100
21,2,Neck,0,35,40,30,0,5,5,10,20,0
22,2,Back,0,25,25,20,0,5,5,10,20,0
23,2,Abdomen,0,25,25,20,0,5,5,10,20,0
24,2,Tail,0,45,40,35,0,5,5,10,20,0
25,2,Wing,0,50,45,40,0,10,10,15,25,0
26,2,Leg,0,35,35,30,0,0,0,5,15,0
27,2,Average,0,40,40,33,0,6,6,11,21,14
28,3,Head,0,55,55,30,0,5,5,10,20,100
29,3,Head,1,80,80,45,0,10,10,10,20,100
30,3,Neck,0,38,38,20,5,10,10,15,15,0
31,3,Neck,1,75,75,47,5,10,10,15,15,0
32,3,Back,0,21,21,45,0,5,5,8,10,0
33,3,Back,1,21,21,45,0,5,5,8,10,0
34,3,Abdomen,0,24,24,10,0,5,5,8,10,0
35,3,Abdomen,1,24,24,10,0,5,5,8,10,0
36,3,Tail,0,45,35,20,5,5,5,10,15,0
37,3,Tail,1,45,35,20,5,5,5,10,15,0
38,3,Wing,0,30,45,10,0,10,10,20,25,0
39,3,Wing,1,30,45,10,0,10,10,20,25,0
40,3,Leg,0,30,30,20,0,5,5,10,15,0
41,3,Leg,1,30,30,20,0,5,5,10,15,0
42,3,Average,0,39,39,25,1,6,6,11,15,14
43,4,Head,0,75,70,80,30,5,5,0,5,100
44,4,Neck,0,75,50,50,25,5,5,0,5,0
45,4,Torso,0,45,45,25,25,5,5,0,5,0
46,4,Tail,0,20,20,30,20,5,5,0,5,0
47,4,Wing,0,25,25,25,20,5,5,0,5,0
48,4,Left Leg,0,36,20,35,15,5,5,0,5,0
49,4,Left Leg,1,46,30,45,17,5,5,0,5,0
50,4,Right Leg,0,36,20,35,15,5,5,0,5,0
51,4,Right Leg,1,46,30,45,17,5,5,0,5,0
52,4,Average,0,44,34,41,20,5,5,0,5,11
53,5,Head,0,20,20,20,10,15,10,10,18,100
54,5,Head,1,48,55,48,15,20,10,10,23,100
55,5,Head,2,38,43,35,15,20,10,10,23,100
56,5,Head,3,48,55,48,15,20,10,10,23,100
57,5,Lower Neck,0,15,20,20,10,15,10,10,18,0
58,5,Lower Neck,1,15,20,20,10,15,10,10,18,0
59,5,Lower Neck,2,15,20,20,10,15,10,10,18,0
60,5,Back,0,15,20,20,10,15,10,10,18,0
61,5,Back,1,48,48,55,15,20,10,10,23,0
62,5,Back,2,38,35,43,15,20,10,10,23,0
63,5,Back,3,48,48,55,15,20,10,10,23,0
64,5,Abdomen,0,24,25,30,10,10,10,10,15,0
65,5,Abdomen,1,60,55,50,12,18,10,10,20,0
66,5,Abdomen,2,48,44,40,12,18,10,10,20,0
67,5,Abdomen,3,62,55,50,12,18,10,10,20,0
68,5,Lower Tail,0,15,15,15,10,15,10,10,18,0
69,5,Lower Tail,1,15,15,15,10,15,10,10,18,0
70,5,Lower Tail,2,15,15,15,10,15,10,10,18,0
71,5,Wing,0,20,20,20,10,15,10,10,18,0
72,5,Wing,1,20,20,20,10,15,10,10,18,0
73,5,Wing,2,20,20,20,10,15,10,10,18,0
74,5,Leg,0,25,26,30,10,10,10,10,10,0
75,5,Leg,1,25,26,30,10,10,10,10,10,0
76,5,Leg,2,25,26,30,10,10,10,10,10,0
77,5,Tail Tip,0,28,15,15,10,10,10,10,15,0
78,5,Tail Tip,1,28,15,15,10,10,10,10,15,0
79,5,Tail Tip,2,28,15,15,10,10,10,10,15,0
80,5,Average,0,29,29,29,11,15,10,10,18,14
81,6,Horn,0,21,42,20,0,20,25,10,20,100
82,6,Head,0,45,60,40,0,15,25,10,15,100
83,6,Neck,0,40,40,25,0,15,20,5,15,0
84,6,Abdomen,0,65,70,40,0,25,30,10,25,0
85,6,Back,0,25,42,35,0,20,25,10,20,0
86,6,Wing,0,40,30,60,0,25,30,10,25,0
87,6,Leg,0,35,35,35,0,10,15,5,10,0
88,6,Tail,0,50,24,45,0,20,15,10,20,0
89,6,Tail Tip,0,23,26,10,0,20,25,10,20,0
90,6,Average,0,38,41,34,0,18,23,8,18,22
91,7,Horn,0,35,45,10,0,15,25,10,15,100
92,7,Horn,1,57,57,15,0,15,25,10,15,100
93,7,Head,0,45,45,45,0,15,25,10,15,100
94,7,Head,1,63,63,47,0,15,25,10,15,100
95,7,Neck,0,40,45,20,0,8,10,5,5,0
96,7,Neck,1,50,50,25,0,8,10,5,5,0
97,7,Abdomen,0,38,38,15,0,10,10,5,10,0
98,7,Abdomen,1,38,38,15,0,10,10,5,10,0
99,7,Back,0,25,25,10,0,5,10,5,5,0
100,7,Back,1,25,25,10,0,5,10,5,5,0
101,7,Wing,0,30,30,20,0,5,10,5,5,0
102,7,Wing,1,30,30,20,0,5,10,5,5,0
103,7,Leg,0,28,28,25,0,10,15,5,10,0
104,7,Leg,1,28,28,25,0,10,15,5,10,0
105,7,Tail,0,50,24,20,0,10,15,10,10,0
106,7,Tail,1,50,24,20,0,10,15,10,10,0
107,7,Tail Tip,0,45,24,10,0,25,30,10,20,0
108,7,Tail Tip,1,45,24,10,0,25,30,10,20,0
109,7,Average,0,40,35,20,0,11,16,7,10,22
110,8,Head,0,65,67,55,0,5,30,0,0,100
111,8,Torso,0,45,45,35,0,5,15,0,0,0
112,8,Foreleg,0,45,45,40,0,5,15,0,0,0
113,8,Foreleg,1,10,10,5,0,5,15,0,0,0
114,8,Hind Leg,0,35,35,15,0,5,15,0,0,0
115,8,Tail,0,35,32,25,0,5,15,0,0,0
116,8,Tail,1,65,65,55,0,5,25,0,0,0
117,8,Average,0,42,42,32,0,5,18,0,0,14
118,9,Head,0,60,55,35,10,5,0,15,10,100
119,9,Neck,0,40,35,25,10,5,0,15,5,0
120,9,Abdomen,0,35,50,35,10,5,0,15,10,0
121,9,Back,0,23,25,30,10,5,0,15,10,0
122,9,Tail,0,35,30,35,10,5,0,20,15,0
123,9,Foreleg,0,45,50,45,10,5,0,20,10,0
124,9,Hind Leg,0,30,30,25,10,5,0,15,5,0
125,9,Wing,0,23,23,20,10,5,0,20,15,0
126,9,Average,0,36,37,31,10,5,0,16,10,12
127,10,Head,0,55,50,45,25,0,0,10,20,100
128,10,Head,1,55,50,60,25,0,0,10,20,100
129,10,Wing,0,22,22,20,20,0,0,10,15,0
130,10,Wing,1,22,22,15,20,0,0,10,15,0
131,10,Back,0,25,22,25,25,0,0,10,20,0
132,10,Back,1,25,22,15,25,0,0,10,20,0
133,10,Abdomen,0,25,30,22,20,5,0,10,15,0
134,10,Abdomen,1,45,45,10,20,5,0,10,15,0
135,10,Foreleg,0,45,45,20,20,0,0,10,10,0
136,10,Foreleg,1,45,45,10,25,0,0,10,10,0
137,10,Hind Leg,0,30,25,20,25,0,0,10,20,0
138,10,Hind Leg,1,30,25,10,25,0,0,10,20,0
139,10,Tail,0,35,22,45,10,0,0,10,5,0
140,10,Tail,1,35,22,45,10,0,0,10,5,0
141,10,Average,0,35,31,25,21,0,0,10,15,14
142,11,Head,0,50,55,45,0,20,15,10,10,100
143,11,Head,1,50,55,45,0,20,15,10,10,100
144,11,Head,2,50,55,45,0,15,20,10,10,100
145,11,Neck,0,33,38,5,0,10,10,5,5,0
146,11,Neck,1,33,38,5,0,10,10,5,5,0
147,11,Neck,2,33,38,5,0,10,10,5,5,0
148,11,Abdomen,0,24,24,10,0,5,5,0,0,0
149,11,Abdomen,1,24,24,10,0,5,5,0,0,0
150,11,Abdomen,2,24,24,10,0,5,5,0,0,0
151,11,Back,0,24,24,5,0,5,5,0,0,0
152,11,Back,1,24,24,5,0,5,5,0,0,0
153,11,Back,2,24,24,5,0,5,5,0,0,0
154,11,Foreleg,0,38,38,15,0,25,20,10,10,0
155,11,Foreleg,1,38,38,15,0,25,20,10,10,0
156,11,Foreleg,2,38,38,15,0,20,25,10,10,0
157,11,Hind Leg,0,30,25,20,0,15,10,5,5,0
158,11,Hind Leg,1,30,25,20,0,15,10,5,5,0
159,11,Hind Leg,2,30,25,20,0,10,15,5,5,0
160,11,Wing,0,40,35,15,0,10,5,0,0,0
161,11,Wing,1,40,35,15,0,10,5,0,0,0
162,11,Wing,2,40,35,15,0,5,10,0,0,0
163,11,Tail,0,43,33,38,0,20,15,5,5,0
164,11,Tail,1,43,33,38,0,20,15,5,5,0
165,11,Tail,2,43,33,38,0,15,20,5,5,0
166,11,Average,0,35,34,19,0,12,11,4,4,12
167,12,Head,0,65,70,55,0,10,5,25,15,100
168,12,Back,0,25,25,20,0,5,5,15,15,0
169,12,Abdomen,0,30,30,20,10,10,5,15,15,0
170,12,Foreleg,0,50,45,35,0,15,10,20,5,0
171,12,Leg,0,30,30,25,0,5,0,15,10,0
172,12,Tail Base,0,40,35,30,0,5,0,10,5,0
173,12,Tail Tip,0,45,35,30,0,5,0,10,15,0
174,12,Average,0,40,38,30,1,7,3,15,11,14
175,13,Head,0,65,70,40,15,0,10,25,10,100
176,13,Head,1,67,72,42,20,10,15,30,15,100
177,13,Neck/Back,0,30,30,35,10,0,5,15,5,0
178,13,Abdomen,0,40,40,30,10,0,5,20,5,0
179,13,Cutwing,0,21,24,21,25,5,10,35,15,0
180,13,Foreleg,0,43,43,35,10,0,0,20,5,0
181,13,Hind Leg,0,30,30,25,10,0,5,15,5,0
182,13,Tail,0,46,40,45,10,0,5,25,5,0
183,13,Tail,1,55,35,40,10,0,0,15,5,0
184,13,Tail Tip,0,40,35,40,10,0,5,20,5,0
185,13,Tail Tip,1,45,36,42,15,5,10,30,10,0
186,13,Average,0,43,41,35,13,1,6,22,7,18
187,14,Head,0,65,70,55,20,10,0,15,15,100
188,14,Neck/Back,0,30,30,25,5,5,0,5,5,0
189,14,Abdomen,0,38,38,25,10,0,0,5,5,0
190,14,Thorns,0,25,35,25,30,5,0,25,10,0
191,14,Thorns,1,30,35,30,20,5,0,15,10,0
192,14,Wing,0,30,45,20,10,0,0,5,5,0
193,14,Hind Leg,0,40,45,35,15,0,0,10,5,0
194,14,Foreleg,0,30,30,25,5,5,0,5,5,0
195,14,Tail,0,45,23,45,10,0,0,5,5,0
196,14,Tail Tip,0,60,40,40,15,0,0,10,5,0
197,14,Average,0,39,39,32,14,3,0,10,7,10
198,15,Head,0,22,25,15,40,0,20,0,10,100
199,15,Head,1,22,25,15,0,50,20,0,0,100
200,15,Torso,0,36,45,35,25,0,10,0,5,0
201,15,Torso,1,36,45,35,0,30,10,0,0,0
202,15,Foreleg,0,50,55,50,20,0,10,0,5,0
203,15,Foreleg,1,45,50,45,0,25,10,0,0,0
204,15,Leg,0,36,30,25,20,0,15,0,5,0
205,15,Leg,1,36,30,25,0,25,15,0,0,0
206,15,Tail,0,47,47,50,25,0,20,0,10,0
207,15,Tail,1,42,42,45,0,30,20,0,0,0
208,15,Average,0,37,39,34,13,16,15,0,3,20
209,16,Head,0,50,55,65,30,0,5,5,5,100
210,16,Abdomen,0,50,40,35,30,0,10,10,0,0
211,16,Mane,0,65,50,35,30,0,10,15,0,0
212,16,Back,0,30,45,35,30,0,5,10,5,0
213,16,Foreleg,0,24,40,25,20,0,10,10,0,0
214,16,Hind Leg,0,30,24,30,20,0,5,10,0,0
215,16,Tail,0,40,30,40,25,0,5,5,0,0
216,16,Average,0,41,40,37,26,0,7,9,1,14
217,17,Head,0,75,65,60,40,20,0,20,0,100
218,17,Torso,0,50,50,40,40,20,0,20,0,0
219,17,Average,0,62,57,50,40,20,0,20,0,50
220,18,Head,0,65,65,70,10,10,15,0,5,100
221,18,Head,1,65,65,70,10,10,15,0,10,120
222,18,Body,0,25,25,30,5,5,5,0,5,0
223,18,Body,1,30,30,35,5,10,10,0,5,0
224,18,Neck/Back,0,45,40,35,10,20,25,0,5,0
225,18,Neck/Back,1,70,65,55,15,25,30,0,5,0
226,18,Hip,0,44,44,30,5,5,10,0,5,0
227,18,Hip,1,45,45,35,10,10,15,0,5,0
228,18,Foreleg,0,25,30,30,5,5,10,0,5,0
229,18,Foreleg,1,43,46,30,5,5,15,0,5,0
230,18,Hind Leg,0,45,45,35,5,5,10,0,5,0
231,18,Hind Leg,1,50,50,40,10,10,15,0,5,0
232,18,Tail,0,30,25,25,5,5,5,0,5,0
233,18,Tail,1,30,25,25,5,5,5,0,5,0
234,18,Tail Tip,0,21,19,10,10,15,20,0,5,0
235,18,Tail Tip,1,21,19,10,10,15,20,0,5,0
236,18,Average,0,40,39,35,7,10,14,0,5,13
237,19,Head,0,65,65,45,10,10,15,0,5,100
238,19,Head,1,65,65,45,10,10,15,0,10,120
239,19,Head,2,65,65,50,10,10,15,0,10,120
240,19,Body,0,25,25,25,5,5,5,0,5,0
241,19,Body,1,30,30,25,5,10,10,0,5,0
242,19,Body,2,30,30,25,5,10,10,0,5,0
243,19,Neck/Back,0,45,40,35,10,20,25,0,5,0
244,19,Neck/Back,1,70,65,45,15,25,30,0,5,0
245,19,Neck/Back,2,70,65,45,15,25,30,0,5,0
246,19,Hip,0,44,44,20,5,5,10,0,5,0
247,19,Hip,1,35,35,25,10,10,15,0,5,0
248,19,Hip,2,40,40,25,10,10,15,0,5,0
249,19,Foreleg,0,25,30,15,5,5,10,0,5,0
250,19,Foreleg,1,50,50,15,5,5,15,0,5,0
251,19,Foreleg,2,70,70,45,5,5,15,0,5,0
252,19,Hind Leg,0,45,45,15,5,5,10,0,5,0
253,19,Hind Leg,1,35,35,20,10,10,15,0,5,0
254,19,Hind Leg,2,40,40,20,10,10,15,0,5,0
255,19,Tail,0,30,25,20,5,5,5,0,5,0
256,19,Tail,1,30,25,20,5,5,5,0,5,0
257,19,Tail,2,30,25,20,5,5,5,0,5,0
258,19,Tail Tip,0,21,19,10,10,15,20,0,5,0
259,19,Tail Tip,1,21,19,10,10,15,20,0,5,0
260,19,Tail Tip,2,21,19,10,10,15,20,0,5,0
261,19,Average,0,41,40,26,8,10,14,0,5,14
262,20,Head,0,75,60,60,0,20,40,5,0,100
263,20,Torso,0,50,50,50,0,20,40,5,0,0
264,20,Average,0,62,55,55,0,20,40,5,0,50
265,21,Head,0,55,55,55,20,5,15,10,0,100
266,21,Upper Half,0,50,50,62,25,5,15,10,0,0
267,21,Foreleg,0,33,35,28,30,5,20,30,0,0
268,21,Foreleg,1,42,45,36,38,5,20,38,0,0
269,21,Rear,0,66,66,43,15,5,20,10,0,0
270,21,Abdomen/Hind Leg,0,55,55,38,15,5,20,10,0,0
271,21,Average,0,50,51,43,23,5,18,18,0,16
272,22,Head,0,50,45,35,5,0,5,5,0,100
273,22,Upper Half,0,38,38,35,15,0,5,10,0,0
274,22,Foreleg,0,45,45,30,20,0,10,15,0,0
275,22,Foreleg,1,50,50,35,25,0,10,20,0,0
276,22,Foreleg,2,60,60,40,33,0,15,23,0,0
277,22,Foreleg,3,70,70,45,40,0,15,30,0,0
278,22,Rear,0,30,40,30,12,0,20,5,0,0
279,22,Hind Leg,0,38,24,26,5,0,16,5,0,0
280,22,Abdomen,0,38,24,26,5,0,16,5,0,0
281,22,Average,0,46,44,33,17,0,12,13,0,11
282,23,Head,0,45,63,50,30,0,0,20,0,100
283,23,Upper Half,0,44,44,40,30,0,0,15,0,0
284,23,Foreleg,0,30,30,20,10,0,0,5,0,0
285,23,Rear,0,63,50,35,20,0,0,10,0,0
286,23,Abdomen/Hind Leg,0,35,35,20,10,0,0,5,0,0
287,23,Average,0,43,44,33,20,0,0,11,0,20
288,24,Head,0,55,50,45,0,30,20,15,0,100
289,24,Upper Half,0,45,45,35,0,20,15,10,0,0
290,24,Foreleg,0,38,30,30,0,10,5,5,0,0
291,24,Rear,0,30,30,25,0,15,10,10,0,0
292,24,Abdomen/Hind Leg,0,36,36,20,0,10,10,5,0,0
293,24,Body (Spinning),0,75,75,10,0,0,0,0,0,0
294,24,Back,0,45,45,40,0,20,15,10,0,0
295,24,Average,0,46,44,29,0,15,10,7,0,14
296,25,Head,0,63,63,45,5,0,5,10,8,100
297,25,Head,1,63,63,45,10,0,5,15,10,100
298,25,Head,2,63,63,45,5,0,5,10,8,100
299,25,Head,3,73,73,55,5,0,5,15,8,100
300,25,Head,4,73,73,55,5,0,5,20,10,100
301,25,Neck,0,43,43,40,8,0,5,10,8,0
302,25,Neck,1,43,43,40,8,0,5,10,8,0
303,25,Neck,2,43,43,40,8,0,5,10,8,0
304,25,Neck,3,53,53,50,5,0,5,15,8,0
305,25,Neck,4,53,53,50,5,0,5,15,8,0
306,25,Left Claw,0,24,24,10,5,0,15,30,30,0
307,25,Left Claw,1,24,24,10,5,0,15,30,30,0
308,25,Left Claw,2,28,28,10,5,0,15,30,30,0
309,25,Left Claw,3,29,29,15,5,0,15,30,30,0
310,25,Left Claw,4,29,29,15,5,0,15,30,30,0
311,25,Foreleg,0,28,28,10,5,0,15,25,30,0
312,25,Foreleg,1,28,28,10,5,0,15,25,30,0
313,25,Foreleg,2,28,28,10,5,0,15,25,30,0
314,25,Foreleg,3,33,33,15,5,0,15,25,30,0
315,25,Foreleg,4,33,33,15,5,0,15,25,30,0
316,25,Hind Leg,0,38,38,25,5,0,5,10,5,0
317,25,Hind Leg,1,38,38,25,10,0,5,15,5,0
318,25,Hind Leg,2,38,38,25,5,0,5,10,5,0
319,25,Hind Leg,3,43,43,30,5,0,5,15,5,0
320,25,Hind Leg,4,43,43,30,5,0,5,20,5,0
321,25,Body,0,25,25,20,5,0,5,10,5,0
322,25,Body,1,25,25,20,5,0,5,15,5,0
323,25,Body,2,25,25,20,5,0,5,10,5,0
324,25,Body,3,30,30,25,5,0,5,15,5,0
325,25,Body,4,30,30,25,5,0,5,20,5,0
326,25,Tail,0,43,33,40,5,0,5,10,5,0
327,25,Tail,1,43,33,40,5,0,5,15,5,0
328,25,Tail,2,43,33,40,5,0,5,10,5,0
329,25,Tail,3,53,43,50,5,0,5,10,5,0
330,25,Tail,4,53,43,50,5,0,5,15,5,0
331,25,Dorsal Fin,0,43,43,45,8,0,5,15,10,0
332,25,Dorsal Fin,1,43,43,45,10,0,5,20,15,0
333,25,Dorsal Fin,2,43,43,45,8,0,5,15,10,0
334,25,Dorsal Fin,3,48,48,50,5,0,5,20,10,0
335,25,Dorsal Fin,4,48,48,50,5,0,5,25,15,0
336,25,Right Claw,0,24,24,10,5,0,15,30,30,0
337,25,Right Claw,1,24,24,10,5,0,15,30,30,0
338,25,Right Claw,2,28,28,10,5,0,15,30,30,0
339,25,Right Claw,3,29,29,15,5,0,15,30,30,0
340,25,Right Claw,4,29,29,15,5,0,15,30,30,0
341,25,Average,0,39,38,29,5,0,8,18,14,11
342,26,Head,0,60,60,25,5,0,5,10,8,100
343,26,Head,1,65,65,35,10,0,5,15,10,100
344,26,Head,2,63,63,25,5,0,5,10,8,100
345,26,Head,3,73,73,25,5,0,5,15,8,100
346,26,Head,4,73,73,25,5,0,5,20,10,100
347,26,Neck,0,43,43,15,8,0,5,10,8,0
348,26,Neck,1,50,50,20,8,0,5,10,8,0
349,26,Neck,2,43,43,15,8,0,5,10,8,0
350,26,Neck,3,53,53,15,5,0,5,15,8,0
351,26,Neck,4,53,53,15,5,0,5,15,8,0
352,26,Left Claw,0,24,24,10,5,0,15,30,30,0
353,26,Left Claw,1,24,24,10,5,0,15,30,30,0
354,26,Left Claw,2,28,28,10,5,0,15,30,30,0
355,26,Left Claw,3,29,29,15,5,0,15,30,30,0
356,26,Left Claw,4,29,29,15,5,0,15,30,30,0
357,26,Foreleg,0,28,28,10,5,0,15,25,30,0
358,26,Foreleg,1,35,35,10,5,0,15,25,30,0
359,26,Foreleg,2,28,28,10,5,0,15,25,30,0
360,26,Foreleg,3,33,33,15,5,0,15,25,30,0
361,26,Foreleg,4,33,33,15,5,0,15,25,30,0
362,26,Hind Leg,0,38,38,20,5,0,5,10,5,0
363,26,Hind Leg,1,43,43,20,10,0,5,15,5,0
364,26,Hind Leg,2,38,38,20,5,0,5,10,5,0
365,26,Hind Leg,3,43,43,20,5,0,5,15,5,0
366,26,Hind Leg,4,43,43,20,5,0,5,20,5,0
367,26,Body,0,25,25,15,5,0,5,10,5,0
368,26,Body,1,25,25,20,5,0,5,15,5,0
369,26,Body,2,25,25,15,5,0,5,10,5,0
370,26,Body,3,30,30,15,5,0,5,15,5,0
371,26,Body,4,30,30,15,5,0,5,20,5,0
372,26,Tail,0,43,33,10,5,0,5,10,5,0
373,26,Tail,1,73,73,45,5,0,5,15,5,0
374,26,Tail,2,43,33,10,5,0,5,10,5,0
375,26,Tail,3,53,43,10,5,0,5,10,5,0
376,26,Tail,4,53,43,10,5,0,5,15,5,0
377,26,Dorsal Fin,0,43,43,45,8,0,5,15,10,0
378,26,Dorsal Fin,1,63,63,45,10,0,5,20,15,0
379,26,Dorsal Fin,2,43,43,45,8,0,5,15,10,0
380,26,Dorsal Fin,3,48,48,50,5,0,5,20,10,0
381,26,Dorsal Fin,4,48,48,50,5,0,5,25,15,0
382,26,Right Claw,0,24,24,10,5,0,15,30,30,0
383,26,Right Claw,1,24,24,10,5,0,15,30,30,0
384,26,Right Claw,2,28,28,10,5,0,15,30,30,0
385,26,Right Claw,3,29,29,15,5,0,15,30,30,0
386,26,Right Claw,4,29,29,15,5,0,15,30,30,0
387,26,Average,0,41,40,19,5,0,8,18,14,11
388,27,Head,0,55,60,35,25,25,25,25,0,100
389,27,Head,1,55,60,35,25,25,25,25,0,100
390,27,Head,2,57,62,35,0,0,0,0,0,100
391,27,Head,3,57,62,35,0,0,0,0,0,100
392,27,Neck,0,40,30,15,25,25,25,25,0,0
393,27,Neck,1,40,30,15,25,25,25,25,0,0
394,27,Neck,2,40,30,20,0,0,0,0,0,0
395,27,Neck,3,40,30,20,0,0,0,0,0,0
396,27,Body,0,30,25,10,20,20,20,20,0,0
397,27,Body,1,30,25,10,20,20,20,20,0,0
398,27,Body,2,30,25,10,0,0,0,0,0,0
399,27,Body,3,30,25,10,0,0,0,0,0,0
400,27,Wingarm,0,45,45,45,15,15,15,15,0,0
401,27,Wingarm,1,45,45,45,15,15,15,15,0,0
402,27,Wingarm,2,45,45,45,15,15,15,15,0,0
403,27,Wingarm,3,45,45,45,15,15,15,15,0,0
404,27,Foreleg,0,25,24,25,25,25,25,25,0,0
405,27,Foreleg,1,25,24,25,25,25,25,25,0,0
406,27,Foreleg,2,25,24,25,25,25,25,25,0,0
407,27,Foreleg,3,25,24,25,25,25,25,25,0,0
408,27,Hind Leg,0,25,24,20,15,15,15,15,0,0
409,27,Hind Leg,1,25,24,20,15,15,15,15,0,0
410,27,Hind Leg,2,25,24,40,0,0,0,0,0,0
411,27,Hind Leg,3,25,24,40,0,0,0,0,0,0
412,27,Wing,0,22,45,10,25,25,25,25,0,0
413,27,Wing,1,64,70,45,0,0,0,0,0,0
414,27,Wing,2,22,45,10,0,0,0,0,0,0
415,27,Wing,3,64,70,45,0,0,0,0,0,0
416,27,Tail,0,45,24,20,20,20,20,20,0,0
417,27,Tail,1,45,24,20,20,20,20,20,0,0
418,27,Tail,2,45,24,20,0,0,0,0,0,0
419,27,Tail,3,45,24,20,0,0,0,0,0,0
420,27,Chest (Windsac),0,80,90,50,15,25,25,20,0,0
421,27,Chest (Windsac),1,80,90,50,15,25,25,20,0,0
422,27,Chest (Windsac),2,80,90,50,15,25,25,20,0,0
423,27,Chest (Windsac),3,80,90,50,15,25,25,20,0,0
424,27,Chest,0,30,25,10,20,20,20,20,0,0
425,27,Chest,1,30,25,10,20,20,20,20,0,0
426,27,Chest,2,30,25,10,0,0,0,0,0,0
427,27,Chest,3,30,25,10,0,0,0,0,0,0
428,27,Average,0,41,40,27,12,13,13,12,0,10
429,28,Head,0,55,55,30,0,15,5,10,0,100
430,28,Torso,0,25,25,5,0,20,10,15,0,0
431,28,Foreleg,0,38,38,20,0,20,5,15,0,0
432,28,Hind Leg,0,38,38,20,0,25,5,20,0,0
433,28,Tail,0,43,30,10,0,15,5,10,0,0
434,28,Back,0,30,43,15,0,15,5,10,0,0
435,28,Armblade,0,45,45,45,0,10,5,10,0,0
436,28,Tailblade,0,45,45,45,0,10,5,10,0,0
437,28,Wrist ghost,0,48,48,45,0,10,0,15,0,0
438,28,Gas pool,0,63,63,50,0,5,5,10,0,0
439,28,Face demon fire,0,60,60,45,0,10,5,15,0,100
440,28,Average,0,44,44,30,0,14,5,12,0,18
441,29,Head,0,70,70,60,20,0,25,10,0,100
442,29,Body,0,25,25,30,10,0,15,5,0,0
443,29,Foreleg,0,25,25,30,5,0,10,0,0,0
444,29,Wing,0,40,30,40,5,0,10,5,0,0
445,29,Hind Leg,0,25,30,25,5,0,10,5,0,0
446,29,Tail,0,60,40,40,10,0,20,5,0,0
447,29,Average,0,40,36,37,9,0,15,5,0,16
448,30,Head,0,63,80,50,0,15,5,10,0,100
449,30,Neck,0,43,43,20,0,15,5,15,0,0
450,30,Wing,0,63,50,40,0,20,15,20,0,0
451,30,Torso,0,38,38,20,0,15,5,10,0,0
452,30,Tail,0,43,43,25,0,20,10,15,0,0
453,30,Leg,0,36,36,10,0,35,25,30,0,0
454,30,Crest,0,63,50,40,0,0,0,20,0,100
455,30,Tail Tip,0,36,36,30,0,30,5,20,0,0
456,30,Average,0,48,47,29,0,18,8,17,0,25
457,31,Head,0,65,70,60,20,0,15,30,10,100
458,31,Neck,0,50,55,40,10,0,5,20,5,0
459,31,Body,0,40,40,30,10,0,5,20,0,0
460,31,Body,1,45,45,35,20,0,10,30,10,0
461,31,Back,0,25,35,25,5,0,5,10,0,0
462,31,Foreleg,0,50,45,40,15,0,10,25,5,0
463,31,Hind Leg,0,35,30,25,5,0,0,15,0,0
464,31,Tail,0,30,30,25,5,0,0,15,0,0
465,31,Average,0,42,43,35,11,0,6,20,3,12
466,32,Head,0,65,55,45,15,0,0,25,0,100
467,32,Neck,0,70,70,60,15,0,0,25,0,0
468,32,Back,0,25,25,15,10,0,0,15,0,0
469,32,Abdomen,0,30,40,20,10,0,0,15,0,0
470,32,Tail,0,60,55,35,15,0,0,30,0,0
471,32,Foreleg,0,45,45,35,5,0,0,15,0,0
472,32,Leg,0,25,30,25,10,0,0,25,0,0
473,32,Head Fin,0,40,40,20,0,0,0,15,0,25
474,32,Average,0,45,45,31,10,0,0,20,0,15
475,33,Head,0,60,70,45,0,10,20,0,0,100
476,33,Claw,0,20,20,10,0,15,30,0,0,0
477,33,???,0,25,25,15,0,5,10,0,0,0
478,33,Chest,0,25,25,10,0,5,5,0,0,0
479,33,Leg (Thread),0,43,43,35,0,0,5,0,0,0
480,33,Abdomen,0,35,35,15,0,5,10,0,0,0
481,33,Abdomen (Cocooned),0,50,50,28,0,0,5,0,0,0
482,33,Leg,0,25,25,15,0,5,15,0,0,0
483,33,Claw,0,30,43,20,0,5,20,0,0,0
484,33,Average,0,34,37,21,0,5,13,0,0,11
485,34,Head,0,55,64,55,20,0,20,10,5,100
486,34,Back,0,25,30,20,15,0,10,5,5,0
487,34,Abdomen,0,40,55,35,20,0,15,5,5,0
488,34,Foreleg,0,23,24,20,30,0,25,5,5,0
489,34,Foreleg,1,24,25,21,30,0,25,5,5,0
490,34,Hind Leg,0,25,25,20,10,0,10,5,5,0
491,34,Tail Base,0,55,30,35,25,0,20,10,5,0
492,34,Tail Tip,0,65,55,40,25,0,20,15,15,0
493,34,Large Mudbulb,0,100,100,100,0,0,0,0,0,0
494,34,Average,0,45,45,38,19,0,16,6,5,11
495,35,Head,0,65,70,45,20,10,10,5,25,100
496,35,Neck,0,35,30,25,15,5,5,5,20,0
497,35,Back,0,60,55,45,20,10,5,5,25,0
498,35,Back,1,25,25,25,15,5,5,5,15,0
499,35,Torso,0,30,30,25,10,5,5,5,10,0
500,35,Wingarm,0,35,30,35,5,5,5,0,5,0
501,35,Wingarm (Windsac),0,65,60,40,25,10,5,5,25,0
502,35,Wingarm (Windsac),1,25,25,10,15,10,5,0,15,0
503,35,Leg Fin,0,25,25,15,10,5,5,5,10,0
504,35,Tail,0,30,25,10,5,5,5,5,10,0
505,35,Tail Tip,0,50,45,40,25,15,15,5,35,0
506,35,Tail Tip,1,25,25,15,15,5,5,5,15,0
507,35,Chest (Windsac),0,80,80,75,15,15,15,5,25,0
508,35,Chest (Windsac),1,25,25,15,10,5,5,5,15,0
509,35,Average,0,41,39,30,14,7,6,4,17,7
510,36,Head,0,56,56,50,20,0,0,15,0,100
511,36,Head,1,60,60,55,10,0,0,15,0,120
512,36,Back,0,30,30,20,25,0,0,15,0,0
513,36,Back,1,30,30,25,20,0,0,15,0,0
514,36,Foreleg,0,51,51,35,30,0,0,15,0,0
515,36,Foreleg,1,60,65,40,10,0,0,15,0,0
516,36,Ice Clump,0,66,66,45,30,0,0,10,0,0
517,36,Ice Clump,1,66,66,45,30,0,0,10,0,0
518,36,Leg,0,24,24,15,30,0,0,5,0,0
519,36,Leg,1,24,24,20,10,0,0,5,0,0
520,36,Body,0,24,24,20,15,0,0,5,0,0
521,36,Body,1,24,24,25,10,0,0,5,0,0
522,36,???,0,24,24,20,15,0,0,5,0,0
523,36,???,1,24,24,20,10,0,0,5,0,0
524,36,Average,0,40,40,31,18,0,0,10,0,15
525,37,Head,0,80,80,75,10,20,10,25,5,100
526,37,Torso,0,45,45,40,10,10,10,15,5,0
527,37,Foreleg,0,50,50,55,10,10,10,15,0,0
528,37,Tail Base,0,55,50,35,10,15,10,20,5,0
529,37,Tail Tip,0,75,80,75,15,20,15,25,10,0
530,37,Average,0,61,61,56,11,15,11,20,5,20
531,38,Head,0,55,50,5,5,5,10,0,15,100
532,38,Head,1,70,75,45,5,5,15,0,20,100
533,38,Neck,0,35,30,10,0,0,5,0,0,100
534,38,Back (Charged),0,25,30,15,0,5,5,0,10,0
535,38,Back (Charged),1,50,45,35,5,5,10,0,15,0
536,38,Torso,0,20,25,5,0,0,0,0,5,0
537,38,Wingarm,0,35,30,10,0,5,5,0,10,0
538,38,Wingarm (Charged),0,45,45,15,0,0,5,0,5,0
539,38,Wingarm (Charged),1,70,65,45,5,5,10,0,20,0
540,38,Leg Fin,0,20,20,5,0,0,0,0,5,0
541,38,Tail,0,30,30,10,0,0,5,0,10,0
542,38,Tail Tip (Charged),0,35,40,15,0,0,5,0,10,0
543,38,Tail Tip (Charged),1,70,65,35,0,0,5,0,15,0
544,38,Chest (Charged),0,35,35,15,0,0,5,0,10,0
545,38,Chest (Charged),1,55,50,35,0,5,10,0,15,0
546,38,Abdomen (Thundersac),0,25,25,5,0,0,0,0,0,0
547,38,Abdomen (Thundersac),1,90,90,55,5,5,20,0,25,0
548,38,Average,0,45,44,21,1,2,6,0,11,17
549,39,Head,0,40,42,5,5,5,5,0,10,100
550,39,Head,1,90,92,43,5,5,10,0,15,100
551,39,Neck,0,40,42,3,0,0,5,0,0,100
552,39,Back (Charged),0,25,30,5,0,5,5,0,10,0
553,39,Back (Charged),1,60,50,15,5,5,10,0,15,0
554,39,Torso,0,40,42,5,0,0,0,0,5,0
555,39,Wingarm,0,35,30,5,0,5,5,0,10,0
556,39,Wingarm (Charged),0,44,40,15,0,0,5,0,5,0
557,39,Wingarm (Charged),1,92,88,47,5,5,10,0,20,0
558,39,Leg Fin,0,30,35,1,0,0,0,0,5,0
559,39,Tail,0,40,35,5,0,0,5,0,10,0
560,39,Tail Tip (Charged),0,35,40,15,0,0,5,0,10,0
561,39,Tail Tip (Charged),1,95,90,45,0,0,5,0,15,0
562,39,Chest (Charged),0,35,35,2,0,0,5,0,10,0
563,39,Chest (Charged),1,70,65,15,0,5,10,0,15,0
564,39,Abdomen (Thundersac),0,30,30,5,0,0,0,0,0,0
565,39,Abdomen (Thundersac),1,100,100,55,5,5,20,0,25,0
566,39,Average,0,53,52,16,1,2,6,0,10,17
567,40,Snout,0,80,75,65,0,20,15,10,10,100
568,40,Head,0,70,70,60,0,25,15,10,5,100
569,40,Neck,0,30,30,15,0,20,15,5,5,0
570,40,Wing,0,50,45,55,0,25,20,15,10,0
571,40,Hind Leg,0,30,30,15,0,15,10,5,0,0
572,40,Hind Leg,1,45,45,30,0,15,10,5,0,0
573,40,Torso,0,30,30,45,0,15,10,5,0,0
574,40,Tail,0,60,60,55,0,20,15,10,5,0
575,40,Average,0,49,48,42,0,19,13,8,4,25
576,41,Tongue,0,95,90,85,15,0,20,30,10,100
577,41,Head,0,75,80,70,15,0,20,30,10,100
578,41,Neck,0,40,35,30,5,0,10,20,5,0
579,41,Torso,0,35,35,30,0,0,5,15,5,0
580,41,Wing,0,50,45,40,10,0,15,25,5,0
581,41,Leg,0,45,45,40,0,0,5,15,0,0
582,41,Tail,0,55,50,45,10,0,15,25,5,0
583,41,Average,0,56,54,48,7,0,12,22,5,28
584,42,Head,0,68,68,60,15,20,15,15,15,100
585,42,Foreleg,0,52,56,45,15,20,15,15,15,0
586,42,Body,0,45,45,40,15,20,15,15,15,0
587,42,Tail,0,55,50,35,15,20,15,15,15,0
588,42,Boulder,0,5,5,5,5,20,5,5,5,0
589,42,Boulder,0,50,50,50,15,20,15,15,15,0
590,42,Average,0,45,45,39,13,20,13,13,13,16
591,43,Head,0,63,63,53,5,0,5,10,5,100
592,43,Head,1,50,50,40,0,25,5,0,5,100
593,43,Neck,0,43,43,43,5,0,5,10,5,0
594,43,Neck,1,43,43,43,5,0,5,10,5,0
595,43,Torso,0,35,35,35,10,0,5,25,5,0
596,43,Torso,1,30,30,25,0,25,5,0,5,0
597,43,Back,0,25,25,25,5,0,5,15,5,0
598,43,Back,1,30,30,25,0,25,5,0,5,0
599,43,Fin,0,25,25,25,10,0,5,20,5,0
600,43,Fin,1,30,30,25,0,25,5,0,5,0
601,43,Leg,0,45,45,40,15,0,5,30,5,0
602,43,Leg,1,45,45,40,0,25,5,0,5,0
603,43,Tail,0,55,50,45,5,0,5,10,5,0
604,43,Tail,1,50,50,40,0,25,5,0,5,0
605,43,Average,0,40,40,36,4,10,5,9,5,14
606,44,Head,0,48,48,45,20,30,10,0,5,100
607,44,Neck,0,48,48,45,10,20,10,0,5,50
608,44,Torso,0,45,45,35,5,15,5,0,0,0
609,44,Back,0,45,45,48,5,15,5,0,0,0
610,44,Foreleg,0,35,35,15,5,15,5,0,0,0
611,44,Hind Leg,0,30,30,10,20,30,20,0,15,0
612,44,Tail,0,65,65,55,15,20,15,0,10,0
613,44,Average,0,45,45,36,11,20,10,0,5,21
614,45,Head,0,60,65,25,0,5,10,15,10,100
615,45,Head,1,80,85,35,0,10,15,20,15,100
616,45,Abdomen,0,45,45,25,0,5,10,10,10,0
617,45,Abdomen,1,45,45,25,0,5,10,10,10,0
618,45,Back,0,30,30,10,0,0,5,5,5,0
619,45,Back,1,30,30,10,0,0,5,5,5,0
620,45,Leg,0,30,30,20,0,5,10,15,10,0
621,45,Leg,1,36,34,25,0,5,10,15,10,0
622,45,Wing,0,25,25,45,0,5,10,10,10,0
623,45,Wing,1,25,25,15,0,0,5,5,5,0
624,45,Tail,0,60,55,35,0,5,10,15,10,0
625,45,Tail,1,75,70,45,0,5,10,15,10,0
626,45,Average,0,45,44,26,0,4,9,11,9,16
